Atividade	Descrição Atividade	Cadencia
Mobilizar marketing para divulgação de processo seletivo	Articulação com a equipe de marketing para criar e executar campanhas de divulgação de vagas abertas em processos seletivos. Garante ampla visibilidade das oportunidades junto ao público-alvo de talentos (alumni, comunidade, mercado) por meio de canais digitais e comunicação institucional.	eventual
Validar integridade do fluxo de vendas ponta a ponta	Validação diária de integridade dos dados em toda a cadeia de vendas, desde o registro da meta até a ativação do aluno. Garante consistência entre planilha de metas, gateway de pagamento (Vindi) e planilha de alunos, assegurando que cada venda seja corretamente processada e que o aluno inicie sua jornada pedagógica sem falhas de dados.	diaria
Cobrança Ativa de Alunos Alumni em Atraso	Contato telefônico semanal com alunos da vertical Alumni que apresentam pendências financeiras. Tem como foco regularizar inadimplências, entender motivos de atraso e negociar acordos de pagamento quando necessário. Atua preventivamente na redução de churn por questões financeiras.	semanal
Emitir Fatura Avulsa para Aluno Contatado	Geração de fatura avulsa para cobrança de alunos que foram previamente contatados pela equipe comercial e confirmaram disposição para pagamento. Garante formalização da dívida e facilita o processo de recebimento de valores em aberto.	eventual
Bloqueio de Contato por Inadimplência Superior a 60 Dias	Gestão de medidas restritivas aplicadas a alunos Alumni com atraso de pagamento superior a 60 dias. Consiste no travamento temporário do contato do aluno na plataforma até regularização financeira, visando reduzir inadimplência prolongada e proteger o fluxo de caixa da operação.	eventual
Prospectar novos alunos B2B via contato direto com RHs	Atividade de prospecção ativa mensal junto a departamentos de Recursos Humanos de empresas-cliente para identificar e incluir novos colaboradores elegíveis nos programas Alumni. Busca expandir a base de alunos B2B através de relacionamento direto com gestores de RH, apresentando valor e facilitando adesão corporativa.	mensal
Analisar e aprovar propostas de parceria B2B	Avaliação técnica, comercial e estratégica de propostas de parceria B2B recebidas de empresas interessadas em contratar soluções da EdTech para seus colaboradores ou ecossistemas. Inclui análise de viabilidade, alinhamento com portfólio e definição de termos contratuais antes da formalização.	eventual
Prospectar leads B2B qualificados via email e LinkedIn	Atividade de prospecção ativa de empresas e decisores interessados em soluções educacionais B2B da Better Edtech. Utiliza canais digitais (email e LinkedIn) para iniciar conversas comerciais, qualificar oportunidades e gerar pipeline de vendas para programas corporativos e parcerias institucionais.	semanal
Acompanhamento Semanal de Saúde B2B	Monitoramento sistemático da saúde de contas e contratos B2B ativos, identificando riscos de churn, oportunidades de expansão e necessidades de intervenção. Garante visibilidade contínua sobre o status de cada cliente corporativo e permite ação proativa do time comercial.	semanal
Planejar e executar eventos B2B para clientes corporativos	Planejamento completo e execução de eventos presenciais ou digitais voltados para clientes corporativos (B2B), incluindo definição de formato, logística, conteúdo e follow-up. Visa fortalecer relacionamento com key accounts, gerar networking qualificado e criar oportunidades de upsell/cross-sell.	eventual
Cobrança mensal de pagamentos B2B em atraso	Verificação sistemática de inadimplência em contratos B2B Alumni, com geração de relatório de engajamento e acionamento do financeiro para cobrança. Garante que empresas clientes mantenham pagamentos em dia mediante evidências de entrega de valor (presença, atividade, engajamento dos alunos).	mensal
Recuperar Alunos B2B Inativos	Atividade de reativação de alunos de clientes B2B que pararam de acessar ou concluir cursos. Visa identificar causas de inatividade e aplicar estratégias de re-engajamento personalizadas para cada conta corporativa. Foco em recuperar investimento do cliente e evitar churn de contrato.	eventual
Relatório Mensal Personalizado para RH de Parceiros B2B	Elaboração e entrega de relatórios customizados para departamentos de RH de empresas parceiras B2B, consolidando métricas de assiduidade, desempenho e engajamento dos colaboradores-alunos. Serve como instrumento de acompanhamento estratégico e prestação de contas do valor da parceria educacional.	mensal
Elaborar roteiro de vídeo marketing para cliente B2B	Criação de roteiro estruturado para vídeos de marketing direcionados a clientes corporativos do vertical Alumni. O conteúdo deve alinhar proposta de valor, casos de sucesso e chamadas para ação específicas ao perfil de cada Key Account.	eventual
Onboarding inicial de empresa parceira B2B	Reunião estruturada de boas-vindas e alinhamento com novas empresas parceiras B2B. Apresenta o ecossistema da plataforma, define expectativas mútuas, esclarece processos de integração e estabelece os próximos passos da parceria. Garante que o parceiro compreenda seu papel, benefícios e responsabilidades desde o primeiro contato pós-venda.	eventual
Gravar vídeos de marketing para clientes B2B	Produção de material audiovisual personalizado para empresas parceiras, apresentando soluções, cases de sucesso ou conteúdos institucionais que fortaleçam o relacionamento comercial e demonstrem valor agregado aos key accounts.	eventual
Relacionamento ativo semanal com RHs de contas B2B	Realizar contato estruturado com gestores de RH das empresas-cliente B2B para fortalecer o vínculo comercial, identificar novas oportunidades e antecipar necessidades. Essa rotina de touchpoint garante presença constante, coleta feedback sobre a experiência dos alunos corporativos e mapeia sinais de expansão ou renovação de contratos.	semanal
Acompanhamento diário de performance do Key Account B2B	Supervisão e suporte ao trabalho do Key Account Manager (Gilberto) na gestão de contas B2B corporativas. Inclui revisão de pipeline, alinhamento de estratégias de abordagem, identificação de blockers e garantia de aderência aos processos comerciais da vertical Alumni.	diaria
Suporte Comercial B2B2C via CRM	Gestão diária de oportunidades, leads e relacionamento com parceiros B2B2C no CRM Clint. Garante atualização de pipeline, resposta a demandas comerciais e acompanhamento de negociações em andamento. Atividade crítica para manter visibilidade do funil e garantir follow-up adequado com empresas parceiras.	diaria
Campanhas mensais de desconto para parceiros B2B2C	Execução mensal de campanhas promocionais direcionadas às empresas parceiras que atuam no modelo B2B2C, oferecendo descontos estratégicos (ex.: 20% off) para incentivar aquisição e retenção de alunos via canais corporativos. A atividade envolve planejamento da oferta, segmentação de parceiros elegíveis e disparo coordenado das comunicações.	mensal
Prospectar parcerias de divulgação com rádios (modelo híbrido)	Identificar e negociar parcerias com emissoras de rádio para divulgação de cursos da Better Edtech, combinando investimento pago com permuta. A rádio promove o curso com condições exclusivas para sua audiência, gerando lead qualificado e brand awareness.	eventual
Atualizar dashboard de acompanhamento de campanhas (mensal)	Consolidação mensal dos indicadores de performance das campanhas de marketing Alumni no dashboard corporativo. Realizada até o 4º dia útil do mês subsequente para garantir dados atualizados nas análises gerenciais e prestação de contas do fechamento mensal.	mensal
Relatório analítico de campanhas Google Ads Alumni	Consolidação mensal dos resultados de tráfego pago no Google Ads para a vertical Alumni. Analisa métricas de performance, ROI e conversões das campanhas. Entregue até o 4º dia útil do mês seguinte para subsidiar decisões comerciais e ajustes de budget.	mensal
Alinhamento semanal de campanhas pagas com agência	Reunião estruturada com a agência parceira para revisar performance das campanhas Meta Ads e Google Ads, ajustar estratégias de investimento e aprovar novos criativos. Garante sincronização entre expectativas comerciais e execução tática de mídia paga para aquisição de alunos Alumni.	semanal
Análise mensal de funil de vendas e conversão	Análise completa do desempenho do funil comercial de Alumni, avaliando entrada de leads, distribuição entre vendedores e taxas de conversão por etapa. Identifica gargalos, oportunidades de melhoria e subsidia decisões de otimização do processo comercial e alocação de recursos.	mensal
Alinhamento Estratégico Mensal de Campanhas Alumni	Reunião estratégica mensal realizada entre os dias 20-25 para definir o planejamento de marketing do mês seguinte. Envolve alinhamento de budget, priorização de campanhas e ajustes estratégicos com a agência parceira. Garante direcionamento unificado entre operação interna (Helen, Pedro) e agência (Thiago).	mensal
Gravar vídeos para campanhas de marketing mensais	Produção mensal de conteúdo audiovisual para campanhas de marketing direcionadas ao público Alumni. Inclui gravação, edição básica e preparação de vídeos conforme briefing e calendário editorial aprovado, garantindo alinhamento com objetivos comerciais e identidade da marca.	mensal
Remarketing Alumni — Reativação de Base com Oferta Progressiva	Disparo semanal de e-mail para base de leads inativos (ex-alunos e prospects frios) aplicando estratégia de desconto progressiva ou temática. Objetivo: reativar interesse comercial, estimular conversão e otimizar receita recorrente da vertical Alumni através de oferta direcionada.	semanal
Elaborar roteiros para influenciadores da campanha mensal	Criação de roteiros estruturados para influenciadores produzirem conteúdo alinhado à campanha mensal definida pela gestão de marketing. Os roteiros são enviados aos criadores, que gravam e enviam vídeos para aprovação antes da publicação nas redes sociais (Instagram, TikTok, LinkedIn).	semanal
Prospectar e mapear novos influenciadores para parcerias	Atividade semanal de pesquisa e identificação de novos influenciadores digitais com potencial de parceria para promover os produtos e serviços da vertical Alumni. Visa ampliar o alcance da marca através de creators alinhados com os valores da Better Edtech e com audiência no público-alvo (profissionais, estudantes, carreiras).	semanal
Monitorar performance de influenciadores na Eluve	Acompanhamento semanal das postagens e métricas de engajamento dos embaixadores Alumni na plataforma Eluve. Cada influenciador possui landing page personalizada para rastreamento de conversões, permitindo avaliar o retorno individual de cada parceria e ajustar estratégias de ativação.	semanal
Envio de mensagem de boas-vindas, 7 dias e 30 dias após matrícula	Identificação de alunos que completaram 7 dias de matrícula e disparo de mensagem de boas-vindas personalizada para fortalecer vínculo inicial. Atividade de onboarding que verifica novos ingressantes e envia comunicação de acolhimento no momento estratégico da jornada do aluno.	eventual
Atendimento ao Aluno B2C (Clint e E-mail)	Responder solicitações e dúvidas de alunos pessoa física (B2C) através dos canais Clint (chat interno) e e-mail institucional. Garantir resolução de primeiro nível para questões sobre acesso, conteúdo, certificados, pagamentos e suporte pedagógico. Atendimento contínuo das 7h às 21h em regime de revezamento.	diaria
Monitoramento de turmas e cobertura emergencial de sessões	Acompanhamento em tempo real das turmas ativas para identificar sessões em alerta (ausência de facilitador) e garantir cobertura imediata através de entrada emergencial em sala. Atividade preventiva que assegura continuidade da experiência de aprendizado e evita cancelamentos ou insatisfação de alunos.	diaria
Atendimento pedagógico individual com aluno	Sessão 1-1 entre time pedagógico e aluno para resolução de dúvidas, orientação de estudos e acompanhamento de progresso. Foca em personalizar a jornada de aprendizagem, identificar blockers e oferecer suporte direcionado para maximizar engajamento e resultados.	eventual
Corrigir Testes de Nivelamento de Inglês de Alunos	Avaliar e corrigir provas de nivelamento de inglês realizadas por alunos da vertical Alumni. A correção determina o nível de proficiência atual do aluno e seu posicionamento no programa de ensino, garantindo experiência personalizada e adequada ao conhecimento prévio.	eventual
Corrigir nivelamento de espanhol dos alunos	Avaliar e corrigir os testes de nivelamento de proficiência em espanhol realizados pelos alunos da vertical Alumni. O processo garante o posicionamento correto do aluno no nível adequado do curso (básico, intermediário ou avançado), assegurando experiência de aprendizado personalizada e eficaz.	eventual
Agendar Consultoria de Retenção com Aluno em Risco de Churn	Processo de identificação e agendamento proativo de sessão de consultoria individualizada com alunos que apresentam sinais de evasão ou baixo engajamento. Visa criar ponto de contato estruturado para compreender barreiras, resgatar motivação e construir plano de ação personalizado que mantenha o aluno ativo na jornada.	eventual
Consultoria de Retenção por Videoconferência	Sessão individual de atendimento em videoconferência com alunos em risco de cancelamento, conduzida para compreender objeções, apresentar alternativas de permanência (incluindo migração para planos private) e reverter a decisão de saída. Faz parte da estratégia ativa de retenção da base Alumni.	eventual
Agendar Consultoria Private Alumni Black	Coordenar o agendamento de sessões de consultoria especializada para alumni do plano Black que contrataram serviços de Private Banking. Essa atividade garante o contato personalizado e o alinhamento de expectativas entre consultores e clientes premium.	eventual
Consultoria Private Alumni Black em Videoconferência	Sessão individual de consultoria remota com aluno Alumni Black, abrangendo diagnóstico 360° do perfil, entrega de materiais personalizados e definição de jornada de estudos. Atende diferentes momentos do ciclo de vida: onboarding de novos alunos, reorientação de ativos e ações de retenção.	eventual
Treinamento presencial de capacitação para aulas private alumni black	Treinamento operacional e pedagógico de professores presenciais para ministrarem aulas particulares (private) no produto Alumni Black. Garante alinhamento metodológico, domínio de ferramentas e qualidade de entrega nas sessões individualizadas de alta performance.	eventual
Atender chamados operacionais e de infraestrutura	Receber, categorizar e resolver solicitações operacionais internas relacionadas a equipamentos, acessos, infraestrutura física e demandas administrativas urgentes. Inclui desde suporte técnico (computadores, periféricos) até gestão de recursos físicos (estacionamento, espaço) e documentações especiais.	eventual
Consolidar e Publicar Relatório Mensal de Marketing Alumni	Compilação e análise dos principais indicadores de marketing da vertical Alumni, consolidando dados de campanhas, performance de canais, conversões e ROI. O relatório fornece visibilidade sobre efetividade das ações de aquisição e engajamento, subsidiando decisões estratégicas da área comercial e de produto.	mensal
Fechar Relatório Mensal de Retenção de Alunos Alumni	Consolidação mensal dos indicadores de retenção da vertical Alumni, analisando taxa de permanência, churn, engajamento e principais motivos de evasão. O relatório subsidia decisões estratégicas de retenção e permite acompanhar a evolução da base ativa de ex-alunos ao longo do tempo.	mensal
Fechamento Mensal de Relatório de Cobrança	Consolidação e análise dos dados de cobrança do mês, incluindo inadimplência, recuperação de valores e status de pagamentos dos alunos Alumni. O relatório subsidia decisões financeiras e ações de relacionamento com clientes em atraso.	mensal
Fechamento Mensal de Relatório de Faturamento B2B	Consolidação e análise do faturamento mensal de contratos B2B da vertical Alumni. Envolve compilação de dados de vendas corporativas, reconciliação com informações financeiras e geração de relatório executivo para acompanhamento de receita e performance comercial de clientes institucionais.	mensal
Fechar Relatório Mensal de Faturamento B2C	Consolidação e fechamento do relatório mensal de faturamento da base de alunos pessoa física (B2C), incluindo receitas, cancelamentos e indicadores de performance comercial. Este relatório fornece visibilidade financeira para tomada de decisão estratégica e acompanhamento de metas da vertical Alumni.	mensal
Fechar Relatório Mensal de Despesas em Cartão Corporativo	Consolidação e prestação de contas das despesas realizadas em cartão de crédito corporativo pela célula Alumni. Garante rastreabilidade, conformidade fiscal e alimentação correta dos registros financeiros para controle orçamentário e auditoria.	mensal
Fechar relatório mensal de despesas administrativas	Consolidação mensal das despesas operacionais da célula Alumni, incluindo categorização, validação de comprovantes e apuração de saldos. Assegura controle financeiro, rastreabilidade de gastos e alimentação do fluxo de caixa da área administrativa.	mensal
Fechar relatório mensal de folha de pagamento	Consolidação e fechamento do relatório mensal de folha de pagamento da vertical Alumni, incluindo validação de dados de colaboradores, encargos, benefícios e repasses. Garante conformidade legal e insumos para contabilidade e controle financeiro.	mensal
Fechamento Mensal de Relatório de Custos Alumni	Consolidação mensal de todos os custos operacionais da vertical Alumni, incluindo despesas fixas, variáveis e investimentos. O relatório permite acompanhar a evolução financeira da área, identificar desvios orçamentários e subsidiar decisões estratégicas de alocação de recursos.	mensal
Fechar Relatório Mensal de Royalties Alumni	Consolidação mensal dos pagamentos de royalties devidos aos ex-alunos (Alumni) que mantêm vínculo financeiro com a instituição, seja por indicação, co-criação de conteúdo ou outras modalidades de parceria. Garante transparência, rastreabilidade e conformidade nos repasses financeiros acordados contratualmente.	mensal
Comparecimento em Audiências Judiciais	Representação institucional da empresa em audiências judiciais trabalhistas, cíveis ou tributárias, conforme convocação formal. Garante presença qualificada, documentação necessária e alinhamento com estratégia jurídica definida previamente com advogados.	eventual
Discussão e direcionamento de casos jurídicos com advogada externa	Reunião de alinhamento com a advogada Malu para discussão de casos jurídicos em andamento ou demandas emergentes da vertical Alumni. Inclui análise de riscos, definição de estratégias processuais e orientações sobre conformidade legal. Garante que questões jurídicas sejam tratadas com expertise especializada e direcionamento adequado.	eventual
Confeccionar novos contratos jurídicos	Elaboração de novos instrumentos contratuais para formalização de relações comerciais, parcerias, prestação de serviços ou acordos diversos envolvendo a operação Alumni. A atividade assegura conformidade legal, proteção dos interesses da empresa e clareza das obrigações entre as partes.	eventual
Efetivação mensal de pagamentos de royalties Alumni	Processamento e execução dos pagamentos mensais de royalties devidos aos Alumni da operação, garantindo conformidade com os acordos estabelecidos e prazos contratuais. Envolve validação de valores, aprovação de lançamentos financeiros e confirmação de transferências realizadas.	mensal
Resolver casos pendentes de ex-alunos Alumni	Atividade eventual de tratamento de demandas e pendências levantadas por alunos que já concluíram ou interromperam jornada na Alumni. Envolve diagnóstico do caso, articulação com áreas internas, comunicação com o ex-aluno e registro de solução para histórico e aprendizado organizacional.	eventual
Prestar suporte e treinamento do Clint para Alumni	Oferecer suporte operacional e capacitação no uso da plataforma Clint (CRM/ferramenta de gestão) para membros da comunidade Alumni. Inclui resolução de dúvidas, orientação sobre funcionalidades e treinamentos pontuais para garantir autonomia e engajamento dos ex-alunos na ferramenta.	eventual
Conferir disponibilidade e links das salas Zoom	Verificação diária manual de todas as contas Zoom da operação (aproximadamente 30 contas institucionais por nível/professor + contas individuais de alunos private) para garantir que os links estejam ativos, acessíveis e corretamente configurados. Essencial para evitar interrupções em aulas ao vivo e sessões de mentoria.	diaria
Verificar disponibilidade e navegação do portal do aluno	Conferência diária da saúde operacional do portal do aluno, simulando jornadas críticas de navegação para garantir que todos os recursos estejam acessíveis e funcionais. Permite identificar proativamente bugs, lentidões ou indisponibilidades antes que impactem a experiência dos usuários reais.	diaria
Verificar disponibilidade de professores para alocação em turmas	Processo de consulta e validação da disponibilidade de horários dos professores do portal Alumni para permitir a alocação adequada em turmas e calendários de aula. Garante que apenas professores com disponibilidade confirmada sejam designados, evitando conflitos de agenda e garantindo a cobertura das necessidades pedagógicas.	eventual
Alocar professor para aluno novo (compatibilidade de perfil)	Processo de seleção e alocação de professor para aluno recém-ingressante no Portal Alumni, considerando compatibilidade de perfis, disponibilidade docente e características do estudante. Diferente do ciclo mensal de grade fixa, esta atividade é acionada sob demanda a cada entrada de novo aluno e exige análise individual de fit professor-aluno.	eventual
Alocar professor para aula private conforme requisição de horário do aluno	Processo de atendimento a requisições de horário enviadas por alunos do programa private. Consiste em verificar a disponibilidade de professores compatíveis com o horário solicitado e realizar a alocação, garantindo que o aluno tenha sua aula agendada com o docente adequado ao seu perfil e necessidades pedagógicas.	eventual
Contato inicial com novos leads (primeira abordagem)	Verificar diariamente os leads inbound distribuídos automaticamente pelo sistema Clint e realizar o primeiro contato oferecendo canais de atendimento (WhatsApp, ligação ou Zoom). Leads chegam via anúncios pagos e canais orgânicos sem prospecção ativa B2C.	diaria
Gerar e acompanhar contratos de venda	Processo de produção, envio e monitoramento de contratos formais para alunos alumni que solicitam formalização da compra. Inclui preenchimento de dados do aluno, geração do documento, envio para assinatura eletrônica e acompanhamento até conclusão. Ocorre sob demanda, geralmente após confirmação de interesse comercial.	eventual
Registrar vendas na planilha de metas e acompanhar emissão de NF	Lançamento sistemático de todas as vendas realizadas na planilha de controle de metas, incluindo dados do cliente, produto, valores e status de emissão de nota fiscal. Garante rastreabilidade das conversões e base confiável para análise de performance comercial e faturamento.	eventual
Ligação de áudio prioritária para destravar tratativas comerciais	Realização de chamada telefônica para clientes prioritários ou leads em situações que exigem intervenção direta para destravar negociações estagnadas. Inclui a tática de ligação encenada em dupla, onde um consultor liga para o lead do outro assumindo papel de área de suporte (financeiro/acadêmico/pedagógico) para gerar urgência e credibilidade na tratativa.	eventual
Realizar videochamada comercial com leads premium/private	Conduzir reunião comercial por vídeo com clientes qualificados nos segmentos premium (Alumni individual) e private (B2B corporativo). Essa modalidade de atendimento permite maior personalização, demonstração de valor e negociação consultiva, sendo especialmente estratégica para o segmento B2B onde 60-70% das tratativas ocorrem em formato síncrono por vídeo.	eventual
Consultoria Private Pós-Matrícula (Perfil 360)	Sessão de consultoria individual em vídeo realizada após a confirmação da matrícula do aluno Alumni. Compreende análise 360° do perfil acadêmico e profissional do estudante, seguida da construção colaborativa de um planejamento de estudos personalizado para maximizar aproveitamento do programa.	eventual
Negociação B2B por vídeo: análise de contrato e modelo de pagamento	Condução de reuniões remotas com empresas parceiras para discutir termos contratuais, esclarecer dúvidas sobre produtos/serviços e definir modelo de pagamento (empresa custeia diretamente ou atua como intermediária). Cada tratativa envolve análise de cenário comercial, adequação de proposta e validação de requisitos do cliente corporativo.	eventual
Solicitar emissão de NF para contratos B2B fechados	Requisitar ao financeiro a emissão de nota fiscal para contratos corporativos (B2B) recém-fechados pela equipe comercial. Garante a formalização fiscal da venda e viabiliza o faturamento junto ao cliente pessoa jurídica, cumprindo obrigações tributárias e contratuais.	eventual
Elaboração de campanhas tematicas e estratégias de reativação	Criação de campanhas temáticas, sazonais e de fechamento de meta para reativação de ex-alunos inativos. Inclui definição de estratégias, produção de textos persuasivos e disparo manual ou automatizado das comunicações. Foco em recuperar alunos da coluna 'Para Organizar' e 'Enviar Black' com condições comerciais pré-aprovadas pela diretoria.	semanal
Abordagem proativa de renovação de contratos Alumni	Contato comercial estruturado com clientes Alumni em janela de renovação contratual (30–45 dias antes do vencimento), executado em lote mensal. Visa antecipar negociações, mapear objeções e garantir continuidade da base ativa, com intensificação tática em períodos de pressão de meta.	mensal
Dar continuidade aos atendimentos comerciais em aberto	Retomada diária de conversas ativas com leads e prospects da vertical Alumni, garantindo que nenhuma oportunidade de venda seja perdida por falta de follow-up. Inclui resposta a mensagens recebidas fora do horário comercial e reativação de diálogos pausados.	diaria
Organização e priorização da carteira de clientes e oportunidades.	Revisão matinal da situação comercial (pipeline, metas, oportunidades) para definir prioridades e abordagem do dia. Inclui análise de resultados do dia anterior e ajustes táticos. Atividade individual que permite planejamento antecipado da semana seguinte.	diaria
Repescagem manual de clientes inativos, com abordagens personalizadas.	Identificação e contato individual com alunos Alumni que não interagem há determinado período, usando abordagem manual e personalizada para preservar relacionamento comercial. Realizada em micro-lotes diários para maximizar taxa de resposta sem comprometer percepção de valor do público pagante.	semanal
Recuperar clientes com pagamento pendente via link	Atividade de reengajamento comercial focada em leads que receberam link de pagamento mas não concluíram a transação. O vendedor realiza abordagem consultiva para identificar barreiras, esclarecer dúvidas e facilitar a conversão através de links pré-preenchidos que reduzem fricção no checkout.	diaria
Varredura Diária do Funil Invertido de Vendas Alumni	Revisão sistemática dos leads do programa Alumni percorrendo o funil de vendas de trás para frente (pagamento → retorno futuro → informação/preço → privado), priorizando oportunidades mais quentes e realizando limpeza de base durante o processo. A lógica de priorização coloca quem está mais próximo do pagamento no topo da atenção comercial.	diaria
Retomar tratativas de follow-up pré-proposta (Alumni)	Abordagem diária dos leads Alumni na coluna de follow-up do funil comercial. Consiste em retomar conversas com prospects que já manifestaram interesse mas ainda não receberam proposta comercial formal. O foco é qualificar necessidades, remover objeções e avançar o lead para a etapa de apresentação de proposta.	diaria
Tentativas de primeiro contato ativo com leads (3 ligações + 3 Mensagens)	Atividade de prospecção ativa para realizar o primeiro contato com leads qualificados da carteira Alumni. Consiste em tentativas de ligação telefônica combinadas com mensagens de texto, seguindo padrão mínimo de 3 ligações e 3 mensagens por lead/dia, distribuídas em blocos manhã e tarde. Diferencia-se da ligação reativa (por ocorrência) por ser uma ação prospectiva iniciada pelo SDR.	diaria
Produzir artes de campanha com IA (imagem e vídeo)	Criação sob demanda de peças visuais (estáticas e em vídeo) utilizando ferramentas de inteligência artificial para alimentar campanhas de marketing da vertical Alumni. Abrange desde briefing até entrega final otimizada para os canais de veiculação.	eventual
Formatar artes para landing pages B2B2C	Adaptar e formatar materiais visuais (banners, hero images, CTAs) para landing pages de produtos e serviços B2B2C da vertical Alumni. Garante identidade visual consistente, responsividade e otimização de conversão em páginas de captação comercial voltadas tanto para empresas quanto para usuários finais.	eventual
Formatar artes para landing pages de parceiros (embaixadores/influencers)	Adaptar e formatar peças gráficas para landing pages personalizadas de embaixadores e influenciadores da vertical Alumni. Garante identidade visual consistente e performance de conversão em campanhas de aquisição via parcerias.	eventual
Adaptar artes para formatos de mídia paga (Alumni)	Adequação técnica de peças criativas já aprovadas para os requisitos específicos de plataformas de anúncios pagos (Meta Ads, Google Ads, LinkedIn, etc.). Envolve redimensionamento, ajuste de resolução, peso de arquivo e especificações de cada canal. Atividade pontual acionada conforme demanda de novas campanhas ou variações de teste.	eventual
Formatar artes para ações comerciais B2B	Adaptar e formatar materiais gráficos (apresentações, banners, peças digitais) para ações comerciais direcionadas a clientes corporativos da vertical Alumni. Garante identidade visual consistente e alinhamento com diretrizes da marca em contextos B2B.	eventual
Formatar artes impressas para ações de marketing alumni	Preparar e formatar materiais gráficos para impressão destinados a ações de marketing voltadas ao público alumni (ex-alunos). Inclui adequar layout, definir especificações técnicas de impressão e garantir conformidade com identidade visual da marca para peças como banners, folhetos, cartazes e materiais de eventos.	eventual
Editar vídeos com ferramentas de IA generativa	Produção e edição de vídeos utilizando ferramentas de inteligência artificial para otimizar processos de corte, legendagem, transcrição e efeitos visuais. Aplicada em conteúdos de marketing para alumni, campanhas de aquisição e materiais promocionais da EdTech.	eventual
Publicar conteúdo diário nas redes sociais	Publicação diária de conteúdos estratégicos nas redes sociais da vertical Alumni para engajamento, atração e relacionamento com ex-alunos e prospects. Garante presença digital consistente e reforça o posicionamento da marca no ecossistema educacional.	diaria
Moderação e resposta a comentários nas redes sociais	Monitoramento contínuo dos comentários publicados nos canais sociais da vertical Alumni, garantindo respostas ágeis e alinhadas à voz da marca. Inclui identificação de leads qualificados, gestão de crises e encaminhamento de dúvidas para áreas especializadas.	diaria
Produzir artigos para blog institucional (quinzenal)	Criar e publicar artigos otimizados para SEO no blog do site institucional, focados em temas de interesse da vertical Alumni (carreira, empregabilidade, lifelong learning, histórias de sucesso). O conteúdo visa atrair tráfego orgânico, nutrir leads e fortalecer autoridade da marca no ecossistema educacional.	quinzenal
Planejamento e Produção Quinzenal de Conteúdo para Redes Sociais Alumni	Criação e organização estratégica do calendário de conteúdo para redes sociais da vertical Alumni. Engloba definição de temas, produção de peças criativas e agendamento de publicações alinhadas aos objetivos comerciais de retenção e engajamento de ex-alunos.	quinzenal
Publicar artigos no blog corporativo com SEO otimizado	Produção e publicação quinzenal de conteúdo editorial no blog institucional da Better Edtech, garantindo aplicação de boas práticas de SEO on-page para maximizar visibilidade orgânica e posicionamento nos mecanismos de busca. Inclui upload, formatação, parametrização de metadados e validação técnica antes da publicação.	quinzenal
Revisão acadêmica de artigos para blog institucional	Revisão técnica e acadêmica de artigos propostos para publicação no blog institucional da vertical Alumni. Garante rigor conceitual, alinhamento com abordagem pedagógica da Better Edtech e qualidade editorial antes da publicação. Foco em conteúdo que posiciona a marca como autoridade em educação e carreira.	quinzenal
Relacionamento com rádios parceiras B2B ativas	Manutenção do relacionamento comercial e operacional com rádios parceiras que promovem os produtos da EdTech para suas audiências. Inclui alinhamento de expectativas, atualização de materiais promocionais e acompanhamento de resultados da parceria. Garante que o canal de divulgação permaneça ativo e engajado com as ofertas.	eventual
Reativação de Colaboradores em Parcerias B2B2C	Processo diário de identificação e reengajamento de colaboradores inativos nas parcerias corporativas com modelo de receita por ativo. Foca em restaurar o acesso e estimular retorno ao consumo de conteúdo/plataforma, gerando receita recorrente para a EdTech e valor para a empresa parceira.	mensal
Auditoria de Qualidade do Atendimento Pedagógico e Apuração de KPIs	Análise diária da qualidade das interações pedagógicas realizadas via WhatsApp, validando nomenclatura, títulos, respostas e status de casos abertos. Inclui verificação de atendimentos a candidatos do processo seletivo e alunos private. Destina-se a garantir padrão de excelência no suporte pedagógico e alimentar indicadores de desempenho da área.	diaria
Elaborar cronograma mensal de plantão de atendimento aos sábados	Criação e publicação do cronograma de rodízio para plantões de atendimento aos sábados, alternando semanalmente entre os atendentes Ariane e Val. O cronograma garante cobertura contínua do suporte aos alunos alumni em finais de semana, mantendo escala justa e previsibilidade operacional.	mensal
Auditoria de Qualidade de Atendimento CX e KPIs	Avaliação sistemática de amostra semanal de atendimentos realizados pela equipe de suporte aos alunos, com foco em adequação da resposta, tom, completude, tempo de resposta e pontuação. Gera insumos para calibração de padrões de atendimento e apuração de indicadores de qualidade do relacionamento com o cliente.	eventual
Calcular Folha de Pagamento de Professores	Calcular e lançar horas trabalhadas, ausências e descontos aplicáveis para pagamento mensal dos professores. Garante acuracidade dos valores a serem pagos com base em registros de frequência, carga horária contratada e políticas de desconto vigentes.	mensal
Suporte operacional a professores (faltas e reagendamentos)	Atendimento e resolução de demandas operacionais de professores relacionadas a ausências, substituições e reagendamentos de aulas. Garante continuidade do calendário acadêmico e mínimo de impacto na experiência dos alunos. Atua como ponte entre corpo docente e operação acadêmica.	eventual
Apoio pedagógico presencial a professores em sala de aula	Suporte especializado presencial prestado pela equipe acadêmica a professores durante aulas, visando resolver dificuldades pedagógicas, técnicas ou de gestão de turma em tempo real. Ação sob demanda para garantir qualidade da experiência de ensino-aprendizagem e desenvolvimento contínuo do corpo docente.	eventual
Conferir Registro de Faltas e Presenças de Professores	Validação diária dos registros de presença e ausência de professores nas aulas ministradas. Garante que os dados de frequência estejam corretos no sistema para fins de remuneração, controle de qualidade e conformidade contratual. Identifica inconsistências, ausências não justificadas e patterns de absenteísmo.	diaria
Processar Pagamento Mensal de Professores	Atividade de revisão, validação e efetivação do pagamento mensal dos professores da vertical Alumni. Envolve conferência de horas trabalhadas, aplicação de regras contratuais e execução financeira do repasse.	mensal
Coleta mensal de disponibilidade de professores para alocação de grade	Processo recorrente de envio de formulário aos professores no dia 20 de cada mês para coletar disponibilidade de horários. Alimenta o ciclo de alocação de turmas e permite planejamento antecipado da grade acadêmica do período seguinte.	mensal
Alocação mensal de grade de professores	Processo recorrente de construção da grade mensal de aulas, que coleta a disponibilidade dos professores via formulário e realiza a distribuição otimizada considerando demanda de alunos e capacidade docente. Executado todo dia 25 do mês para o mês seguinte.	mensal
Coleta de aceite formal mensal de grade - Professores PJ	Processo mensal de formalização do aceite de alocação de grade de horários por parte dos professores contratados como pessoa jurídica. Ocorre todo dia 30 de cada mês e garante a conformidade legal da relação contratual PJ, evitando riscos trabalhistas. O aceite documenta o consentimento explícito do professor sobre sua carga horária e turmas designadas para o mês seguinte.	mensal
Engajamento proativo de professores	Contato ativo com professores para fortalecimento do vínculo e capacitação contínua. Inclui envio estruturado de vídeos de treinamento, documentos de apoio, instruções sobre novos materiais e manutenção de canal aberto para dúvidas. Difere do suporte reativo por antecipar necessidades e promover desenvolvimento.	eventual
Conduzir onboarding de novos professores	Processo estruturado de integração de professores recém-contratados à operação acadêmica da vertical Alumni. Garante que o docente compreenda metodologias, ferramentas, políticas institucionais e esteja apto a lecionar com qualidade desde a primeira aula.	eventual
Suporte operacional a professores	Atendimento e resolução de demandas operacionais dos professores do programa Alumni, incluindo dúvidas sobre processos, acesso a sistemas, materiais didáticos e questões administrativas. Garante que os docentes tenham condições adequadas para execução das aulas e atividades pedagógicas.	eventual
Produzir materiais didáticos personalizados para clientes B2B	Desenvolvimento de conteúdos pedagógicos customizados (apostilas, slides, atividades, vídeos) conforme demandas específicas de clientes corporativos, instituições de ensino ou programas in-company. Garante alinhamento com identidade visual, objetivos de aprendizagem e metodologia do parceiro B2B.	eventual
Validar integridade do dashboard pedagógico e delegar correções	Conferência diária da integridade dos dados de presença e posicionamento de alunos no dashboard pedagógico. Identifica inconsistências (presenças não registradas, erros em posicionamento de novos alunos private) e delega correções à equipe responsável (Ariane/Val). Garante que a base de dados reflita a realidade operacional do dia anterior.	diaria
Conferir presença de alunos agendados vs comparecidos (todos os níveis)	Conferência diária manual que compara a lista de alunos agendados para aulas/sessões com os registros de comparecimento efetivo, abrangendo todos os níveis de ensino ativos no portal Alumni. Executada em dois turnos (manhã e tarde) para garantir cobertura completa e atualização contínua dos dados de engajamento.	diaria
Monitorar campanhas de tráfego pago (Google Ads e Meta)	Acompanhamento diário do desempenho das campanhas de mídia paga nos canais Google Ads e Meta Ads. Análise de métricas-chave (CPC, CTR, conversões, ROAS) para identificar oportunidades de otimização e garantir que os investimentos em aquisição estejam alinhados aos objetivos comerciais da vertical Alumni.	diaria
Revisar e atualizar dashboard de análise de marketing Alumni	Revisão quinzenal dos dados e métricas do dashboard de análise de marketing da vertical Alumni. Inclui validação de indicadores, correção de inconsistências e atualização de configurações para garantir que as decisões comerciais sejam baseadas em dados precisos e atualizados.	quinzenal
Disparo de campanha perene de convite para aula experimental	Atividade de marketing direto que convida leads e prospects alumni a experimentarem uma aula demonstrativa dos produtos Better/L1F3. A campanha é perene (sempre ativa) e envia cerca de 4 disparos mensais, segmentados por perfil e momento da jornada do lead.	semanal
Monitoramento e Correção da saúde das ferramentas de marketing	Verificação proativa e sistemática do funcionamento das ferramentas de marketing digital (CRM Clint, Mailchimp, integrações de formulários) para identificar e prevenir inconsistências operacionais. Busca ativa de anomalias técnicas antes que impactem as campanhas ou a experiência do lead/aluno.	diaria
Monitorar e otimizar campanhas de tráfego pago	Acompanhamento contínuo do desempenho de campanhas pagas em Meta Ads e Google Ads, focando em conversão, investimento e ROI. Realiza ajustes táticos imediatos quando campanhas não atingem metas de conversão, pausando investimentos ineficazes e realocando verbas para canais de melhor performance. Revisão semanal completa garante alinhamento com objetivos comerciais da vertical Alumni.	semanal
Manutenção e atualização de site e blog WordPress	Realizar manutenção técnica e editorial do site institucional e blog da vertical Alumni, garantindo disponibilidade, performance e atualização de conteúdos. Inclui atualizações de plugins, correções de layout no Elementor, otimizações de SEO e ajustes responsivos para proporcionar experiência consistente aos visitantes.	eventual
Revisar posicionamento de marca Alumni	Revisão estratégica dos elementos identitários da marca Alumni by Better, abrangendo perfil de influencer/embaixador, tom de voz editorial e paleta cromática. Garante coerência entre canais digitais e alinhamento com evolução do público-alvo e tendências de mercado EdTech.	eventual
Conduzir funil seletivo de professores	Gestão do processo seletivo de novos professores, desde a candidatura inicial até a aprovação final. Inclui triagem de candidatos, avaliação de perfil pedagógico e verificação de alinhamento cultural com a metodologia da EdTech. Utiliza consulta a bases públicas de avaliação para validação de histórico e reputação.	semanal
Produzir material pedagógico diário para Learning Lab	Criação e atualização de recursos didáticos (slides, exercícios, guias, vídeos-aula) para o ambiente Learning Lab. Garante que alunos Alumni tenham acesso a conteúdos de qualidade, alinhados ao roadmap pedagógico e às necessidades de aprendizagem ativa identificadas diariamente.	diaria
Tratamento e publicação de material pedagógico no Learning Lab	Processo diário de revisão técnica e editorial de conteúdos pedagógicos antes da publicação na plataforma Learning Lab. Inclui verificação de qualidade de áudio, edições necessárias de texto/vídeo e upload final dos materiais para disponibilização aos alunos.	diaria
Acompanhamento da satisfação dos aluno Alumni Black		diaria
Acompanhamento diário de entrada de leads no CRM		diaria
Acompanhamento diário de números do B2C		diaria
Acompanhamento diário de remarketing		diaria
Alinhamento de novos procedimentos pedagógicos com professores (WhatsApp, vídeos, reuniões)		eventual
Atendimento a clientes em outras etapas do funil		diaria
Atualização completa de SEO em todas as paginas do site		trimestral
Centralização de dados de alunos e/ou professores (nome, contato, disponibilidade) no Portal Alumni		eventual
Contato com professores para extração de informações e refino de demandas		eventual
Cordenação da elaboração de materias pedagogicos diversos de demandas internas do pedagógico para professores, alunos, treinamentos etc..		eventual
Elaboração de materias pedagogicos diversos de demandas internas do pedagógico para professores, alunos, treinamentos etc..		eventual
Elaboração de treinamentos específicos baseados nas necessidades dos professores		mensal
Elaboração e envio de relatorio geral da operação para o Carlos		diaria
Envio e acompanhamento do fluxo de e-mails de cancelamento: aprovação diretoria, execução financeira, envio para aluno.		eventual
Estudo, mapeamento de acervos e pesquisa de materiais (brainstorm com IA) para melhorias/novos materiais		eventual
Mapeamento de demandas de melhoria de conteúdos e novas implementações		eventual
Observação e avaliação das aulas dos candidatos a professores em processo seletivo		eventual
Organização dos eventos de treinamentos para necessidades especificas dos professores		eventual
Ponte de contato com plataformas: abertura de tickets e reporte de bugs/inconsistências (Learning Lab, Speechace)		eventual
Reunião geral com professores para gerar conexão e apresentar as observações de aula		trimestral
Reunião periódica 1on1 com professores		bimestral
Revisão de aulas do Sistema Private (comentários, apontamentos e ajustes)		eventual
Supervisão da alocação de aulas dos alunos Alumni Black		diaria
Suporte sistêmico eventual a professores com irregularidades no portal (presenças, links de Zoom, material correto da plataforma)		eventual
Acompanhamento da jornada inicial do aluno até o início efetivo das aulas (consultoria, matrícula, contrato, pagamento e agendamento).		diaria
Acompanhamento do status de matrículas, pagamentos e contratos.		diaria
Alinhamento com coordenação, diretoria e financeiro para aprovação de condições especiais e andamento dos processos.		eventual
Analise de feedbacks e reporte de melhorias para as equipes Acadêmico, Produto e Tecnologia		eventual
Automação de processos internos de atendimento/cobrança/retenção		semanal
Cadastro no portal e LL, gestão e manutenção de dados de alunos		eventual
Criação de dashboards e aplicações operacionais para otimização de processos		eventual
Fluxo de gestão de dados de prestadores e colaboradores		eventual
Gestão de tickets críticos - escalonamento ao departamento responsável quando necessário		eventual
Manutenção de planilhas - Cobrança/Retenção/Vendas/Alunos - pós cancelamento/cobrança		eventual
Produção e personalização de comunicações comerciais (WhatsApp, e-mails e mensagens de acompanhamento).		diaria
Realização da consultoria de retenção		eventual
Reativação de alunos - após pagamento dos atrasados		eventual
Responder Reclame aqui e procon (checagem terças e quintas)		eventual
Suporte em Eventos Institucionais/Endomarketing		eventual
Validar integridade de dados em sistemas		eventual
Gerar 20 aulas de todos os 44 alunos para criar janela de 15 dias para o desenvolvimento
Revisão pedagógica de todas as aulas geradas
Aplicação das correções pedagógicas no fluxo de desenvolvimento do sistema de geração de aulas
Finalização da V2 do sistema de geração de aulas personalizadas com os feedbacks
Desenvolvimento do sistema de acompanhamento e avaliação de aulas
Migração dos alunos de private para o modelo Alumni Black
Formulação do processo de vendas
Elaboração do branding book
Gravação do vídeo inicial de campanha Alumni Black B2C
Gravação do vídeo inicial de campanha Alumni Black B2B
Lançamento da campanha de divulgação
Elaborar documento de design de produto: precificação, custos, tokens IA, horas humano, fluxo
Mapa de Jornada do Cliente: pontos de contato e atividades em cada ponto, com função e padrão de qualidade	Próximo passo: Mapear o processo operacional completo, definindo funções e passagens de bastão (comercial > concierge > professor) e consolidar todos os inputs e questionamentos sobre o modelo de negócio atual para debate e definição do modelo final
Organizar processo de cliente oculto do produto Alumni Black
Estabelecimento do padrão de qualidade da Consultoria 360 para material de aulas personalizado
Construção da função Concierge: padrão de qualidade, atividades, processos
Elaboração dos roteiros para gravação dos vídeos de onboarding	Referência: Roteiros - https://drive.google.com/drive/folders/1XTZciv2rBtizOV8bgVDSVAbKUtlStCiA?usp=drive_link
Conferência e pequenas correções dos roteiros de onboarding
Gravação dos videos de onboarding Alumni Black
Gravação dos videos de onboarding Community
Gravação dos videos de onboarding Community Flow
Gravação de telas do sistema com narração da Helen para incoroporar nos videos de onboarding
Edição de todos os videos de onboarding
Elaboração dos processos vinculados à realização dos onboardings	Referência: Blue print da jornada do aluno do Community / Flow - https://docs.google.com/document/d/1_vicySa15wEzThMBlrEfTfvq6BJd8vcBQSaaf0rygwU/edit?usp=sharing
Analisar as funcionalidades do dashboard de alunos e mapear os recursos ausentes para acompanhar o progresso
Desenho do processo geral de contratação de professores
Revisão do processo geral de contratação de professores
Elaboração do Job description de key teacher (contratação para base)
Validação do Job description de key teacher (contratação para base)
Formulário de captação de professores (base)
Estratégia e seleção de depoimentos de professores para mídias	Definição da estratégia de conteúdo de marca empregadora e seleção dos depoimentos e professores a serem gravados (stories de bastidores, depoimentos reais, 3–5 vídeos).
Elaboração do Job description de key teacher Alumni Black
Validação do Job description de key teacher Alumni Black
Coleta de informações essenciais a nivel pedagógico para a elaboração dos job description com Raphael Lima	Próximo passo: Reunião 24/06 as 15h pra alinhar as informações disponiveis e enviar para a Ju - Raphael requisitou a conversa com Lucas após o pedido das informações
Elaboração da proposta de reativação do Linkedin Alumni como canal de atração de professores
Validação da proposta de reativação do Linkedin Alumni	Execução da reativação já definida: Aldo Luiz. Restou validar a proposta elaborada pela Ju Feitosa (atividade 266). Origem: desmembramento da frente 195 em 04/08/2026 — atividade renomeada (antes incluía a definição do responsável pela execução, já resolvida).
Elaboração da proposta inicial de programa de desenvolvimento de teachers — geral
Validação da proposta de programa de desenvolvimento de teachers — geral
Elaboração da proposta de programa de desenvolvimento de professores para Alumni Black (Tropa de Elite)
Validação da proposta de programa de desenvolvimento de professores para Alumni Black (Tropa de Elite)
Layout da consultoria de retenção
Elabora camada de inteligência do radar de detecção de riscos e oportunidades dos alunos
Elaboração do treinamento de vendas para novos vendedores
Elaboração da Proposta do Projeto de Capital Humano Alumni - Fase 1: Professores	Referência: Conceituação do projeto para aprovação - https://drive.google.com/file/d/1ZiVgagog5YjmebPJnuu9DJjZRsT73HmH/view?usp=sharing
Analise e aprovação da Proposta do Projeto de Capital Humano Alumni - Fase 1: Professores
Criar 4 frameworks de in-class do Black	Desenvolvimento de quatro frameworks de aula in-class com embasamento pedagógico (guided discovery/eliciting em substituição ao PPP), destinados às aulas 21–30 dos alunos adultos do Black. Apresentação na reunião geral de 07/08.
Criar 4 frameworks de pre-class do Black	Desenvolvimento de quatro variações de pre-class para eliminar a repetição estrutural relatada por alunos com muitas horas contratadas. Mesmo ciclo de validação dos frameworks de in-class, com apresentação em 07/08.
Testar frameworks com professores	Aplicação dos frameworks validados em aulas reais por quatro professores selecionados, com feedback obrigatório ao final de cada aula. Rodadas de teste em 10 e 11/08, com ajustes entre rodadas; até três rodadas antes da liberação para produção.
Produzir teacher guide e identidade visual por framework	Elaboração de um teacher guide para cada framework e definição de identidade visual (cor do primeiro slide identifica o framework), base para o treinamento dos professores no novo padrão de aula.
Gerar aulas 21–30 nos novos frameworks	Produção das aulas 21 a 30 dos alunos do Black nos frameworks validados, com meta de variedade disponível para todos os alunos até o fim de agosto.
Ativar telefone concierge Black	Ativação de número exclusivo para alunos Black em WhatsApp Business (acesso simultâneo em vários computadores), com migração dos atendimentos hoje concentrados no telefone pessoal da Helen.
Atender solicitações de alunos Black (contato passivo)	Atendimento reativo das mensagens dos alunos Black no canal concierge dedicado, com padrão de resposta em até 5 minutos. Inclui dúvidas, remarcações e solicitações gerais.	diaria
Criar modelos de mensagem por semana de jornada	Definição de modelos de mensagem de acompanhamento por momento do aluno (primeira semana, segunda semana etc.), integrados ao histórico do aluno via ferramenta de leitura do WhatsApp.
Montar agenda de agendamento de consultorias	Criação de agenda de agendamento tipo Calendly para as consultorias iniciais do Black, viabilizando a transferência das consultorias dos vendedores para Helen, Stephanie e Danilo.
Padronizar script da consultoria (perfil 360)	Estruturação de roteiro padronizado de perguntas da consultoria para que o perfil 360 seja preenchido de forma consistente independentemente de quem conduz.
Enviar escrito da aula mock Kids para teste	Envio por Stephanie do texto da aula mock de Kids (modelo story-based) para Helen testar a geração no sistema dos devs, incluindo montagem de quadrinho.
Testar gerador Kids no player dos devs	Testes conduzidos pela Helen, em paralelo ao foco no Black, do gerador de aulas Kids direto no player dos devs (sem etapa HTML), com parametrização por idade e nível. Inclui acompanhar a evolução do sistema (personagem 3D).
Consolidar produtos Kids, Preteens e Teens	Estruturação dos cursos nas faixas etárias definidas (Kids 6–10, Preteens 11–14, Teens 15–17), sem personalização de conteúdo — curso regular com material fixo por faixa e nível, gerador próprio por faixa. Início previsto para depois de agosto.
Eliminar Learning Lab (Fase 2)	Substituição do Learning Lab pelo curso replicado via ferramentas de código (testes já iniciados com sílabos e PowerPoints). Início declarado para o final do ano.
Estruturar avaliação e certificação do Black	Definição do modelo de prova e certificação do Black. Direção discutida (não fechada): avaliação a cada 20 aulas com mudança de nível, ~80% do peso em speaking. Citada como tema a pensar durante agosto.
Definir trilhas temáticas para o Black	Criação de trilhas por perfil (negócios, finanças etc.) para reduzir a dependência da consultoria na personalização e a repetição de temas nas aulas. Declarada para depois da estruturação atual.
Gestão base de conhecimento própria do gerador	Construção de base de conhecimento interna (Cambridge, artigos, notícias, sempre com áudio) para embasar o gerador e as atividades complementares, substituindo a busca aberta na internet.	semanal
Implantar registro de progresso de aula pelos professores	Garantir que os professores registrem no attendance qual aula e slide cada aluno alcançou, viabilizando o controle de progresso via planilha do sistema.
Realizar contato ativo semanal com alunos Black	Contato ativo semanal com todos os alunos Black pelo canal concierge, seguindo os modelos de mensagem por momento da jornada, para acompanhamento, prevenção de evasão e retenção.	semanal
Nova rodada de edição dos roteiros de onboarding (adequação ao portal novo)	Revisão e atualização dos roteiros de onboarding elaborados em junho (atividade 247, Ju Feitosa) para refletir o novo portal em implementação — fluxos, telas e nomenclaturas mudam com a nova plataforma. Pré-requisito das regravações: nenhum vídeo deve ser gravado sobre roteiro desatualizado. Frente retoma quando o portal estiver estável.
Regravação dos vídeos de onboarding Alumni Black	Regravação dos vídeos de onboarding do Alumni Black sobre os roteiros atualizados para o portal novo. Substitui as gravações de junho (atividade 249), invalidadas pela troca de plataforma. Depende da nova rodada de edição dos roteiros (atividade 299).
Regravação dos vídeos de onboarding Community	Regravação dos vídeos de onboarding do Community sobre os roteiros atualizados para o portal novo. Substitui as gravações de junho (atividade 250), invalidadas pela troca de plataforma. Depende da nova rodada de edição dos roteiros (atividade 299).
Regravação dos vídeos de onboarding Community Flow	Regravação dos vídeos de onboarding do Community Flow sobre os roteiros atualizados para o portal novo. Substitui as gravações de junho (atividade 251), invalidadas pela troca de plataforma. Depende da nova rodada de edição dos roteiros (atividade 299).
Edição dos vídeos de depoimentos de professores	Edição do material bruto de depoimentos de professores, preparando os vídeos para publicação nos canais de marca empregadora.
Publicação e acompanhamento das mídias de depoimentos de professores	Publicação dos vídeos de depoimentos nos canais definidos e acompanhamento do desempenho das postagens.
Configurações na Meta da Produção e personalização de comunicações comerciais (WhatsApp, e-mails e mensagens de acompanhamento).		semanal
Revisão da produção de material pedagógico diário para Learning Lab		diaria
Compilação de dados de prestadores de serviço		eventual
Suporte audio visual em gravação de videos diversos		eventual
Processamento de disponibilidade de professores para alocação de grade		mensal
